PDB ID,Chain,Res Name,Res ID,Pre pKa,Cal pKa,Expt pKa,model pKa,Pre pKa shift,Cal pKa shift,Expt pKa shift,|Pre pKa shift|,|Cal pKa shift|,|Expt pKa shift|,Pre - Expt pKa,Cal - Expt pKa,Pre - Cal pKa,|Pre - Expt pKa|,|Cal - Expt pKa|,|Pre - Cal pKa|
3C1E,A,LYS,119,7.4888916015625,5.423333689733453,6.2,10.4,-2.9111083984375004,-4.9766663102665465,-4.2,2.9111083984375004,4.9766663102665465,4.2,1.2888916015624998,-0.7766663102665472,2.065557911829047,1.2888916015624998,0.7766663102665472,2.065557911829047
2BCA,A,LYS,7,10.816401481628418,11.32000880200112,11.36,10.4,0.4164014816284176,0.920008802001119,0.9599999999999992,0.4164014816284176,0.920008802001119,0.9599999999999992,-0.5435985183715815,-0.03999119799888007,-0.5036073203727014,0.5435985183715815,0.03999119799888007,0.5036073203727014
1BPI,A,LYS,15,10.80378532409668,10.359776753719233,10.6,10.4,0.4037853240966793,-0.040223246280767455,0.1999999999999993,0.4037853240966793,0.040223246280767455,0.1999999999999993,0.20378532409668004,-0.24022324628076674,0.4440085703774468,0.20378532409668004,0.24022324628076674,0.4440085703774468
1BPI,A,LYS,46,10.613215446472168,10.227616783078672,10.6,10.4,0.2132154464721676,-0.17238321692132885,0.1999999999999993,0.2132154464721676,0.17238321692132885,0.1999999999999993,0.013215446472168324,-0.37238321692132814,0.38559866339349647,0.013215446472168324,0.37238321692132814,0.38559866339349647
1PPF,I,LYS,29,11.173601150512695,11.03405961695804,11.12,10.4,0.7736011505126951,0.6340596169580389,0.7199999999999989,0.7736011505126951,0.6340596169580389,0.7199999999999989,0.053601150512696094,-0.08594038304195983,0.13954153355465593,0.053601150512696094,0.08594038304195983,0.13954153355465593
2BCA,A,LYS,72,10.981228828430176,11.282415424415868,11.33,10.4,0.5812288284301754,0.8824154244158677,0.9299999999999996,0.5812288284301754,0.8824154244158677,0.9299999999999996,-0.3487711715698243,-0.04758457558413198,-0.3011865959856923,0.3487711715698243,0.04758457558413198,0.3011865959856923
1BHC,J,LYS,41,10.637520790100098,10.217429520707418,10.8,10.4,0.2375207901000973,-0.18257047929258266,0.4000000000000004,0.2375207901000973,0.18257047929258266,0.4000000000000004,-0.16247920989990305,-0.582570479292583,0.42009126939267993,0.16247920989990305,0.582570479292583,0.42009126939267993
1IG5,A,LYS,12,10.843235969543457,11.23435017911756,11.06,10.4,0.4432359695434567,0.8343501791175605,0.6600000000000001,0.4432359695434567,0.8343501791175605,0.6600000000000001,-0.21676403045654347,0.17435017911756034,-0.3911142095741038,0.21676403045654347,0.17435017911756034,0.3911142095741038
1LSE,A,LYS,33,10.246988296508787,10.025108739077416,10.6,10.4,-0.1530117034912113,-0.3748912609225847,0.1999999999999993,0.1530117034912113,0.3748912609225847,0.1999999999999993,-0.35301170349121236,-0.574891260922584,0.22187955743137167,0.35301170349121236,0.574891260922584,0.22187955743137167
1GS9,A,LYS,146,10.49941349029541,9.906689378974429,9.2,10.4,0.0994134902954098,-0.4933106210255716,-1.200000000000001,0.0994134902954098,0.4933106210255716,1.200000000000001,1.2994134902954109,0.7066893789744295,0.5927241113209814,1.2994134902954109,0.7066893789744295,0.5927241113209814
1BHC,J,LYS,15,10.811603546142578,10.418593068668915,10.6,10.4,0.41160354614257777,0.01859306866891508,0.1999999999999993,0.41160354614257777,0.01859306866891508,0.1999999999999993,0.21160354614257848,-0.1814069313310842,0.3930104774736627,0.21160354614257848,0.1814069313310842,0.3930104774736627
1GS9,A,LYS,72,10.691557884216307,10.673601020595363,10.0,10.4,0.29155788421630824,0.2736010205953629,-0.4000000000000004,0.29155788421630824,0.2736010205953629,0.4000000000000004,0.6915578842163068,0.6736010205953633,0.01795686362094351,0.6915578842163068,0.6736010205953633,0.01795686362094351
2OVO,A,LYS,55,10.737236976623537,10.320088449323043,11.1,10.4,0.3372369766235348,-0.07991155067695742,0.6999999999999993,0.3372369766235348,0.07991155067695742,0.6999999999999993,-0.3627630233764627,-0.7799115506769567,0.417148527300494,0.3627630233764627,0.7799115506769567,0.417148527300494
2ZTA,A,LYS,28,10.689065933227539,10.675243652517995,10.64,10.4,0.2890659332275387,0.2752436525179949,0.2400000000000002,0.2890659332275387,0.2752436525179949,0.2400000000000002,0.049065933227538494,0.03524365251799466,0.013822280709543833,0.049065933227538494,0.03524365251799466,0.013822280709543833
1BHC,J,LYS,46,10.491158485412598,10.143829497474384,10.6,10.4,0.0911584854125973,-0.2561705025256167,0.1999999999999993,0.0911584854125973,0.2561705025256167,0.1999999999999993,-0.10884151458740199,-0.456170502525616,0.347328987938214,0.10884151458740199,0.456170502525616,0.347328987938214
2OVO,A,LYS,34,10.841072082519533,9.80767469707224,10.13,10.4,0.4410720825195309,-0.5923253029277601,-0.2699999999999996,0.4410720825195309,0.5923253029277601,0.2699999999999996,0.7110720825195322,-0.3223253029277604,1.0333973854472926,0.7110720825195322,0.3223253029277604,1.0333973854472926
4ICB,A,LYS,25,10.88453483581543,10.39607407405536,11.81,10.4,0.4845348358154293,-0.003925925944640696,1.41,0.4845348358154293,0.003925925944640696,1.41,-0.9254651641845708,-1.4139259259446408,0.48846076176007003,0.9254651641845708,1.4139259259446408,0.48846076176007003
3RUZ,A,LYS,68,10.10328483581543,6.7618051367386505,7.4,10.4,-0.2967151641845707,-3.6381948632613503,-3.0,0.2967151641845707,3.6381948632613503,3.0,2.7032848358154293,-0.6381948632613499,3.341479699076779,2.7032848358154293,0.6381948632613499,3.341479699076779
1GS9,A,LYS,143,10.314104080200195,10.022452171942232,9.5,10.4,-0.08589591979980504,-0.377547828057768,-0.9000000000000004,0.08589591979980504,0.377547828057768,0.9000000000000004,0.8141040802001953,0.5224521719422324,0.29165190825796294,0.8141040802001953,0.5224521719422324,0.29165190825796294
1LSE,A,LYS,13,10.459831237792967,10.308715016893652,10.5,10.4,0.0598312377929684,-0.09128498310634824,0.09999999999999963,0.0598312377929684,0.09128498310634824,0.09999999999999963,-0.040168762207033026,-0.1912849831063479,0.15111622089931487,0.040168762207033026,0.1912849831063479,0.15111622089931487
1IG5,A,LYS,29,10.71292781829834,11.177035817923331,11.28,10.4,0.3129278182983395,0.7770358179233288,0.879999999999999,0.3129278182983395,0.7770358179233288,0.879999999999999,-0.5670721817016595,-0.10296418207666846,-0.46410799962499105,0.5670721817016595,0.10296418207666846,0.46410799962499105
2ZTA,A,LYS,27,10.554180145263672,10.53064734198292,11.1,10.4,0.15418014526367152,0.13064734198291994,0.6999999999999993,0.15418014526367152,0.13064734198291994,0.6999999999999993,-0.5458198547363278,-0.5693526580170793,0.02353280328075158,0.5458198547363278,0.5693526580170793,0.02353280328075158
4ICB,A,LYS,55,10.935172080993652,11.633336928964482,12.12,10.4,0.5351720809936521,1.2333369289644818,1.7199999999999989,0.5351720809936521,1.2333369289644818,1.7199999999999989,-1.1848279190063469,-0.4866630710355171,-0.6981648479708298,1.1848279190063469,0.4866630710355171,0.6981648479708298
1LSE,A,LYS,97,10.772918701171877,11.005402773947957,10.3,10.4,0.37291870117187453,0.6054027739479562,-0.09999999999999963,0.37291870117187453,0.6054027739479562,0.09999999999999963,0.47291870117187607,0.7054027739479558,-0.23248407277607974,0.47291870117187607,0.7054027739479558,0.23248407277607974
1IG5,A,LYS,1,10.769855499267578,10.805834973095784,10.59,10.4,0.36985549926757777,0.405834973095784,0.1899999999999995,0.36985549926757777,0.405834973095784,0.1899999999999995,0.17985549926757827,0.21583497309578448,-0.03597947382820621,0.17985549926757827,0.21583497309578448,0.03597947382820621
1GS9,A,LYS,75,10.199180603027344,9.433092071679546,10.1,10.4,-0.2008193969726566,-0.9669079283204542,-0.3000000000000007,0.2008193969726566,0.9669079283204542,0.3000000000000007,0.0991806030273441,-0.6669079283204535,0.7660885313477976,0.0991806030273441,0.6669079283204535,0.7660885313477976
1IG5,A,LYS,7,10.915664672851562,11.327697875383828,11.36,10.4,0.5156646728515621,0.927697875383828,0.9599999999999992,0.5156646728515621,0.927697875383828,0.9599999999999992,-0.44433532714843693,-0.03230212461617121,-0.4120332025322657,0.44433532714843693,0.03230212461617121,0.4120332025322657
1LSE,A,LYS,96,10.281919479370117,10.482080075823204,10.8,10.4,-0.11808052062988315,0.0820800758232032,0.4000000000000004,0.11808052062988315,0.0820800758232032,0.4000000000000004,-0.5180805206298835,-0.31791992417679715,-0.20016059645308637,0.5180805206298835,0.31791992417679715,0.20016059645308637
2BCA,A,LYS,41,10.754880905151367,10.728015567210546,10.93,10.4,0.35488090515136683,0.3280155672105458,0.5299999999999994,0.35488090515136683,0.3280155672105458,0.5299999999999994,-0.17511909484863253,-0.20198443278945355,0.02686533794082102,0.17511909484863253,0.20198443278945355,0.02686533794082102
2BCA,A,LYS,55,11.098587989807127,11.509027864807903,12.12,10.4,0.6985879898071286,1.1090278648079028,1.7199999999999989,0.6985879898071286,1.1090278648079028,1.7199999999999989,-1.021412010192872,-0.610972135192096,-0.41043987500077606,1.021412010192872,0.610972135192096,0.41043987500077606
1IGD,A,LYS,24,10.473289489746094,10.53137398093525,10.7,10.4,0.0732894897460934,0.13137398093524946,0.2999999999999989,0.0732894897460934,0.13137398093524946,0.2999999999999989,-0.22671051025390554,-0.1686260190647495,-0.05808449118915604,0.22671051025390554,0.1686260190647495,0.05808449118915604
2OVO,A,LYS,13,11.041584968566896,10.832856469519145,9.86,10.4,0.6415849685668942,0.4328564695191446,-0.5400000000000009,0.6415849685668942,0.4328564695191446,0.5400000000000009,1.1815849685668969,0.9728564695191455,0.20872849904775137,1.1815849685668969,0.9728564695191455,0.20872849904775137
4ICB,A,LYS,12,11.027017593383787,11.296189450183068,11.06,10.4,0.6270175933837887,0.8961894501830674,0.6600000000000001,0.6270175933837887,0.8961894501830674,0.6600000000000001,-0.03298240661621321,0.23618945018306725,-0.26917185679928046,0.03298240661621321,0.23618945018306725,0.26917185679928046
1IG5,A,LYS,16,11.01584529876709,11.466524971138172,11.06,10.4,0.6158452987670895,1.066524971138172,0.6600000000000001,0.6158452987670895,1.066524971138172,0.6600000000000001,-0.044154701232910654,0.40652497113817176,-0.4506796723710824,0.044154701232910654,0.40652497113817176,0.4506796723710824
1BPI,A,LYS,41,10.42866039276123,10.321177225058193,10.8,10.4,0.02866039276123012,-0.07882277494180734,0.4000000000000004,0.02866039276123012,0.07882277494180734,0.4000000000000004,-0.37133960723877024,-0.4788227749418077,0.10748316770303745,0.37133960723877024,0.4788227749418077,0.10748316770303745
1GS9,A,LYS,69,10.67900562286377,11.108863177944428,10.4,10.4,0.2790056228637692,0.7088631779444281,0.0,0.2790056228637692,0.7088631779444281,0.0,0.2790056228637692,0.7088631779444281,-0.4298575550806589,0.2790056228637692,0.7088631779444281,0.4298575550806589
2BCA,A,LYS,29,10.07631778717041,11.17423098079173,11.28,10.4,-0.3236822128295902,0.7742309807917298,0.879999999999999,0.3236822128295902,0.7742309807917298,0.879999999999999,-1.2036822128295892,-0.1057690192082692,-1.09791319362132,1.2036822128295892,0.1057690192082692,1.09791319362132
4ICB,A,LYS,41,10.69189739227295,10.631836648134163,10.93,10.4,0.2918973922729489,0.2318366481341627,0.5299999999999994,0.2918973922729489,0.2318366481341627,0.5299999999999994,-0.2381026077270505,-0.29816335186583665,0.06006074413878615,0.2381026077270505,0.29816335186583665,0.06006074413878615
2ZTA,A,LYS,8,10.695562362670898,10.668833161795826,11.26,10.4,0.2955623626708981,0.2688331617958255,0.8599999999999994,0.2955623626708981,0.2688331617958255,0.8599999999999994,-0.5644376373291013,-0.5911668382041739,0.02672920087507258,0.5644376373291013,0.5911668382041739,0.02672920087507258
2OVO,A,LYS,29,11.081110000610352,11.008787996643814,11.12,10.4,0.6811100006103512,0.6087879966438141,0.7199999999999989,0.6811100006103512,0.6087879966438141,0.7199999999999989,-0.038889999389647656,-0.11121200335618475,0.0723220039665371,0.038889999389647656,0.11121200335618475,0.0723220039665371
1PPF,I,LYS,55,10.677017211914062,10.35302327144564,11.1,10.4,0.2770172119140621,-0.04697672855436075,0.6999999999999993,0.2770172119140621,0.04697672855436075,0.6999999999999993,-0.42298278808593714,-0.74697672855436,0.3239939404684229,0.42298278808593714,0.74697672855436,0.3239939404684229
1PPF,I,LYS,13,11.198134422302246,10.947628346581443,9.87,10.4,0.7981344223022457,0.547628346581444,-0.5300000000000011,0.7981344223022457,0.547628346581444,0.5300000000000011,1.3281344223022469,1.0776283465814434,0.2505060757208035,1.3281344223022469,1.0776283465814434,0.2505060757208035
4ICB,A,LYS,72,10.477502822875977,11.300647697953506,11.33,10.4,0.07750282287597621,0.9006476979535059,0.9299999999999996,0.07750282287597621,0.9006476979535059,0.9299999999999996,-0.8524971771240235,-0.02935230204649386,-0.8231448750775296,0.8524971771240235,0.02935230204649386,0.8231448750775296
1GS9,A,LYS,95,10.75910472869873,10.44127167515958,10.1,10.4,0.3591047286987301,0.04127167515957986,-0.3000000000000007,0.3591047286987301,0.04127167515957986,0.3000000000000007,0.6591047286987308,0.34127167515958057,0.31783305353915026,0.6591047286987308,0.34127167515958057,0.31783305353915026
1BPI,A,LYS,26,10.762484550476074,10.562512896198989,10.6,10.4,0.36248455047607386,0.16251289619898834,0.1999999999999993,0.36248455047607386,0.16251289619898834,0.1999999999999993,0.16248455047607457,-0.037487103801010946,0.19997165427708552,0.16248455047607457,0.037487103801010946,0.19997165427708552
4ICB,A,LYS,7,10.975584983825684,11.369946660860867,11.36,10.4,0.5755849838256832,0.9699466608608668,0.9599999999999992,0.5755849838256832,0.9699466608608668,0.9599999999999992,-0.38441501617431584,0.009946660860867595,-0.39436167703518343,0.38441501617431584,0.009946660860867595,0.39436167703518343
1IG5,A,LYS,71,10.503689765930176,10.795966594469123,10.73,10.4,0.10368976593017544,0.3959665944691224,0.3300000000000001,0.10368976593017544,0.3959665944691224,0.3300000000000001,-0.22631023406982465,0.06596659446912234,-0.292276828538947,0.22631023406982465,0.06596659446912234,0.292276828538947
1MUT,A,LYS,39,10.998085021972656,10.748281066238343,8.4,10.4,0.5980850219726559,0.3482810662383429,-2.0,0.5980850219726559,0.3482810662383429,2.0,2.598085021972656,2.348281066238343,0.24980395573431302,2.598085021972656,2.348281066238343,0.24980395573431302
1IG5,A,LYS,55,11.263416290283205,11.583389108741212,12.12,10.4,0.8634162902832028,1.1833891087412116,1.7199999999999989,0.8634162902832028,1.1833891087412116,1.7199999999999989,-0.8565837097167943,-0.5366108912587872,-0.31997281845800707,0.8565837097167943,0.5366108912587872,0.31997281845800707
1BHC,J,LYS,26,10.812554359436037,10.51896322460765,10.6,10.4,0.4125543594360348,0.11896322460764885,0.1999999999999993,0.4125543594360348,0.11896322460764885,0.1999999999999993,0.2125543594360373,-0.08103677539235044,0.2935911348283877,0.2125543594360373,0.08103677539235044,0.2935911348283877
1GS9,A,LYS,157,10.863768577575684,10.95067730338658,11.1,10.4,0.4637685775756832,0.5506773033865802,0.6999999999999993,0.4637685775756832,0.5506773033865802,0.6999999999999993,-0.23623142242431605,-0.14932269661341913,-0.08690872581089693,0.23623142242431605,0.14932269661341913,0.08690872581089693
1IG5,A,LYS,72,10.724004745483398,10.847052490259808,11.33,10.4,0.3240047454833981,0.4470524902598072,0.9299999999999996,0.3240047454833981,0.4470524902598072,0.9299999999999996,-0.6059952545166016,-0.4829475097401925,-0.12304774477640912,0.6059952545166016,0.4829475097401925,0.12304774477640912
1IG5,A,LYS,25,10.85308837890625,10.516309980239518,11.81,10.4,0.4530883789062496,0.11630998023951733,1.41,0.4530883789062496,0.11630998023951733,1.41,-0.9569116210937505,-1.2936900197604828,0.3367783986667323,0.9569116210937505,1.2936900197604828,0.3367783986667323
1PPF,I,LYS,34,10.859421730041504,9.690117024104564,10.13,10.4,0.4594217300415036,-0.7098829758954359,-0.2699999999999996,0.4594217300415036,0.7098829758954359,0.2699999999999996,0.7294217300415031,-0.43988297589543635,1.1693047059369395,0.7294217300415031,0.43988297589543635,1.1693047059369395
1LSE,A,LYS,1,10.65559196472168,10.453100989815082,10.8,10.4,0.2555919647216793,0.05310098981508205,0.4000000000000004,0.2555919647216793,0.05310098981508205,0.4000000000000004,-0.14440803527832102,-0.3468990101849183,0.2024909749065973,0.14440803527832102,0.3468990101849183,0.2024909749065973
2ZTA,A,LYS,15,10.748488426208496,10.69713943587162,10.62,10.4,0.3484884262084957,0.2971394358716193,0.21999999999999886,0.3484884262084957,0.2971394358716193,0.21999999999999886,0.12848842620849688,0.07713943587162042,0.051348990336876454,0.12848842620849688,0.07713943587162042,0.051348990336876454
2BCA,A,LYS,12,10.691752433776855,11.294116998962094,11.06,10.4,0.2917524337768551,0.8941169989620938,0.6600000000000001,0.2917524337768551,0.8941169989620938,0.6600000000000001,-0.36824756622314503,0.2341169989620937,-0.6023645651852387,0.36824756622314503,0.2341169989620937,0.6023645651852387
4ICB,A,LYS,16,10.913219451904297,11.48985857983136,10.06,10.4,0.5132194519042965,1.0898585798313594,-0.33999999999999986,0.5132194519042965,1.0898585798313594,0.33999999999999986,0.8532194519042964,1.4298585798313592,-0.5766391279270628,0.8532194519042964,1.4298585798313592,0.5766391279270628
4HMI,A,LYS,93,6.1888628005981445,5.8,6.5,10.4,-4.211137199401857,-4.6000000000000005,-3.9,4.211137199401857,4.6000000000000005,3.9,-0.31113719940185547,-0.7000000000000002,0.3888628005981447,0.31113719940185547,0.7000000000000002,0.3888628005981447
4ICB,A,LYS,1,10.886653900146484,10.512254227057387,10.59,10.4,0.486653900146484,0.1122542270573863,0.1899999999999995,0.486653900146484,0.1122542270573863,0.1899999999999995,0.2966539001464845,-0.0777457729426132,0.3743996730890977,0.2966539001464845,0.0777457729426132,0.3743996730890977
4ICB,A,LYS,29,10.629669189453123,11.02972253699739,11.28,10.4,0.22966918945312464,0.6297225369973898,0.879999999999999,0.22966918945312464,0.6297225369973898,0.879999999999999,-0.6503308105468761,-0.2502774630026092,-0.4000533475442669,0.6503308105468761,0.2502774630026092,0.4000533475442669
4ICB,A,LYS,71,10.61578369140625,10.734693608628435,10.72,10.4,0.21578369140624964,0.33469360862843445,0.3200000000000003,0.21578369140624964,0.33469360862843445,0.3200000000000003,-0.10421630859375064,0.014693608628434163,-0.1189099172221848,0.10421630859375064,0.014693608628434163,0.1189099172221848
2BCA,A,LYS,71,10.768972396850586,10.917128427376204,10.73,10.4,0.3689723968505856,0.5171284273762051,0.3300000000000001,0.3689723968505856,0.5171284273762051,0.3300000000000001,0.03897239685058551,0.18712842737620328,-0.14815603052561777,0.03897239685058551,0.18712842737620328,0.14815603052561777
2ZTA,A,LYS,3,10.621194839477539,10.665546991600783,10.78,10.4,0.2211948394775387,0.26554699160078243,0.37999999999999895,0.2211948394775387,0.26554699160078243,0.37999999999999895,-0.1588051605224603,-0.11445300839921657,-0.04435215212324373,0.1588051605224603,0.11445300839921657,0.04435215212324373
2BCA,A,LYS,1,10.82152271270752,10.648771000059503,10.59,10.4,0.4215227127075192,0.24877100005950226,0.1899999999999995,0.4215227127075192,0.24877100005950226,0.1899999999999995,0.23152271270751967,0.058771000059502754,0.17275171264801692,0.23152271270751967,0.058771000059502754,0.17275171264801692
1IG5,A,LYS,41,10.774521827697754,10.599600111778415,10.93,10.4,0.3745218276977536,0.1996001117784143,0.5299999999999994,0.3745218276977536,0.1996001117784143,0.5299999999999994,-0.1554781723022458,-0.33039988822158506,0.17492171591933925,0.1554781723022458,0.33039988822158506,0.17492171591933925
1LSE,A,LYS,116,10.524091720581056,10.41581727386924,10.4,10.4,0.12409172058105432,0.01581727386924037,0.0,0.12409172058105432,0.01581727386924037,0.0,0.12409172058105611,0.015817273869240367,0.10827444671181574,0.12409172058105611,0.015817273869240367,0.10827444671181574
2BCA,A,LYS,16,10.933599472045898,11.300613453201828,11.06,10.4,0.5335994720458981,0.900613453201828,0.6600000000000001,0.5335994720458981,0.900613453201828,0.6600000000000001,-0.12640052795410206,0.2406134532018278,-0.36701398115592987,0.12640052795410206,0.2406134532018278,0.36701398115592987
