PDB ID,Chain,Res Name,Res ID,Pre pKa,Cal pKa,Expt pKa,model pKa,Pre pKa shift,Cal pKa shift,Expt pKa shift,|Pre pKa shift|,|Cal pKa shift|,|Expt pKa shift|,Pre - Expt pKa,Cal - Expt pKa,Pre - Cal pKa,|Pre - Expt pKa|,|Cal - Expt pKa|,|Pre - Cal pKa|
3C1E,A,LYS,119,7.4888916015625,5.423333689733453,6.2,10.4,-2.9111083984375004,-4.9766663102665465,-4.2,2.9111083984375004,4.9766663102665465,4.2,1.2888916015624998,-0.7766663102665472,2.065557911829047,1.2888916015624998,0.7766663102665472,2.065557911829047
3RUZ,A,LYS,68,10.10328483581543,6.7618051367386505,7.4,10.4,-0.2967151641845707,-3.6381948632613503,-3.0,0.2967151641845707,3.6381948632613503,3.0,2.7032848358154293,-0.6381948632613499,3.341479699076779,2.7032848358154293,0.6381948632613499,3.341479699076779
4HMI,A,LYS,93,6.1888628005981445,5.8,6.5,10.4,-4.211137199401857,-4.6000000000000005,-3.9,4.211137199401857,4.6000000000000005,3.9,-0.31113719940185547,-0.7000000000000002,0.3888628005981447,0.31113719940185547,0.7000000000000002,0.3888628005981447
4ICB,A,LYS,55,10.935172080993652,11.633336928964482,12.12,10.4,0.5351720809936521,1.2333369289644818,1.7199999999999989,0.5351720809936521,1.2333369289644818,1.7199999999999989,-1.1848279190063469,-0.4866630710355171,-0.6981648479708298,1.1848279190063469,0.4866630710355171,0.6981648479708298
2BCA,A,LYS,55,11.098587989807127,11.509027864807903,12.12,10.4,0.6985879898071286,1.1090278648079028,1.7199999999999989,0.6985879898071286,1.1090278648079028,1.7199999999999989,-1.021412010192872,-0.610972135192096,-0.41043987500077606,1.021412010192872,0.610972135192096,0.41043987500077606
1MUT,A,LYS,39,10.998085021972656,10.748281066238343,8.4,10.4,0.5980850219726559,0.3482810662383429,-2.0,0.5980850219726559,0.3482810662383429,2.0,2.598085021972656,2.348281066238343,0.24980395573431302,2.598085021972656,2.348281066238343,0.24980395573431302
1IG5,A,LYS,55,11.263416290283205,11.583389108741212,12.12,10.4,0.8634162902832028,1.1833891087412116,1.7199999999999989,0.8634162902832028,1.1833891087412116,1.7199999999999989,-0.8565837097167943,-0.5366108912587872,-0.31997281845800707,0.8565837097167943,0.5366108912587872,0.31997281845800707
1IG5,A,LYS,25,10.85308837890625,10.516309980239518,11.81,10.4,0.4530883789062496,0.11630998023951733,1.41,0.4530883789062496,0.11630998023951733,1.41,-0.9569116210937505,-1.2936900197604828,0.3367783986667323,0.9569116210937505,1.2936900197604828,0.3367783986667323
1GS9,A,LYS,146,10.49941349029541,9.906689378974429,9.2,10.4,0.0994134902954098,-0.4933106210255716,-1.200000000000001,0.0994134902954098,0.4933106210255716,1.200000000000001,1.2994134902954109,0.7066893789744295,0.5927241113209814,1.2994134902954109,0.7066893789744295,0.5927241113209814
4ICB,A,LYS,25,10.88453483581543,10.39607407405536,11.81,10.4,0.4845348358154293,-0.003925925944640696,1.41,0.4845348358154293,0.003925925944640696,1.41,-0.9254651641845708,-1.4139259259446408,0.48846076176007003,0.9254651641845708,1.4139259259446408,0.48846076176007003
2ZTA,A,LYS,8,10.695562362670898,10.668833161795826,11.26,10.4,0.2955623626708981,0.2688331617958255,0.8599999999999994,0.2955623626708981,0.2688331617958255,0.8599999999999994,-0.5644376373291013,-0.5911668382041739,0.02672920087507258,0.5644376373291013,0.5911668382041739,0.02672920087507258
1PPF,I,LYS,13,11.198134422302246,10.947628346581443,9.87,10.4,0.7981344223022457,0.547628346581444,-0.5300000000000011,0.7981344223022457,0.547628346581444,0.5300000000000011,1.3281344223022469,1.0776283465814434,0.2505060757208035,1.3281344223022469,1.0776283465814434,0.2505060757208035
4ICB,A,LYS,12,11.027017593383787,11.296189450183068,11.06,10.4,0.6270175933837887,0.8961894501830674,0.6600000000000001,0.6270175933837887,0.8961894501830674,0.6600000000000001,-0.03298240661621321,0.23618945018306725,-0.26917185679928046,0.03298240661621321,0.23618945018306725,0.26917185679928046
2ZTA,A,LYS,27,10.554180145263672,10.53064734198292,11.1,10.4,0.15418014526367152,0.13064734198291994,0.6999999999999993,0.15418014526367152,0.13064734198291994,0.6999999999999993,-0.5458198547363278,-0.5693526580170793,0.02353280328075158,0.5458198547363278,0.5693526580170793,0.02353280328075158
2BCA,A,LYS,29,10.07631778717041,11.17423098079173,11.28,10.4,-0.3236822128295902,0.7742309807917298,0.879999999999999,0.3236822128295902,0.7742309807917298,0.879999999999999,-1.2036822128295892,-0.1057690192082692,-1.09791319362132,1.2036822128295892,0.1057690192082692,1.09791319362132
2BCA,A,LYS,12,10.691752433776855,11.294116998962094,11.06,10.4,0.2917524337768551,0.8941169989620938,0.6600000000000001,0.2917524337768551,0.8941169989620938,0.6600000000000001,-0.36824756622314503,0.2341169989620937,-0.6023645651852387,0.36824756622314503,0.2341169989620937,0.6023645651852387
1IG5,A,LYS,7,10.915664672851562,11.327697875383828,11.36,10.4,0.5156646728515621,0.927697875383828,0.9599999999999992,0.5156646728515621,0.927697875383828,0.9599999999999992,-0.44433532714843693,-0.03230212461617121,-0.4120332025322657,0.44433532714843693,0.03230212461617121,0.4120332025322657
2BCA,A,LYS,41,10.754880905151367,10.728015567210546,10.93,10.4,0.35488090515136683,0.3280155672105458,0.5299999999999994,0.35488090515136683,0.3280155672105458,0.5299999999999994,-0.17511909484863253,-0.20198443278945355,0.02686533794082102,0.17511909484863253,0.20198443278945355,0.02686533794082102
1IG5,A,LYS,16,11.01584529876709,11.466524971138172,11.06,10.4,0.6158452987670895,1.066524971138172,0.6600000000000001,0.6158452987670895,1.066524971138172,0.6600000000000001,-0.044154701232910654,0.40652497113817176,-0.4506796723710824,0.044154701232910654,0.40652497113817176,0.4506796723710824
1GS9,A,LYS,143,10.314104080200195,10.022452171942232,9.5,10.4,-0.08589591979980504,-0.377547828057768,-0.9000000000000004,0.08589591979980504,0.377547828057768,0.9000000000000004,0.8141040802001953,0.5224521719422324,0.29165190825796294,0.8141040802001953,0.5224521719422324,0.29165190825796294
2BCA,A,LYS,16,10.933599472045898,11.300613453201828,11.06,10.4,0.5335994720458981,0.900613453201828,0.6600000000000001,0.5335994720458981,0.900613453201828,0.6600000000000001,-0.12640052795410206,0.2406134532018278,-0.36701398115592987,0.12640052795410206,0.2406134532018278,0.36701398115592987
1IG5,A,LYS,29,10.71292781829834,11.177035817923331,11.28,10.4,0.3129278182983395,0.7770358179233288,0.879999999999999,0.3129278182983395,0.7770358179233288,0.879999999999999,-0.5670721817016595,-0.10296418207666846,-0.46410799962499105,0.5670721817016595,0.10296418207666846,0.46410799962499105
1IG5,A,LYS,72,10.724004745483398,10.847052490259808,11.33,10.4,0.3240047454833981,0.4470524902598072,0.9299999999999996,0.3240047454833981,0.4470524902598072,0.9299999999999996,-0.6059952545166016,-0.4829475097401925,-0.12304774477640912,0.6059952545166016,0.4829475097401925,0.12304774477640912
4ICB,A,LYS,41,10.69189739227295,10.631836648134163,10.93,10.4,0.2918973922729489,0.2318366481341627,0.5299999999999994,0.2918973922729489,0.2318366481341627,0.5299999999999994,-0.2381026077270505,-0.29816335186583665,0.06006074413878615,0.2381026077270505,0.29816335186583665,0.06006074413878615
1IG5,A,LYS,71,10.503689765930176,10.795966594469123,10.73,10.4,0.10368976593017544,0.3959665944691224,0.3300000000000001,0.10368976593017544,0.3959665944691224,0.3300000000000001,-0.22631023406982465,0.06596659446912234,-0.292276828538947,0.22631023406982465,0.06596659446912234,0.292276828538947
1BHC,J,LYS,46,10.491158485412598,10.143829497474384,10.6,10.4,0.0911584854125973,-0.2561705025256167,0.1999999999999993,0.0911584854125973,0.2561705025256167,0.1999999999999993,-0.10884151458740199,-0.456170502525616,0.347328987938214,0.10884151458740199,0.456170502525616,0.347328987938214
1GS9,A,LYS,75,10.199182510375977,9.433092071679546,10.1,10.4,-0.2008174896240238,-0.9669079283204542,-0.3000000000000007,0.2008174896240238,0.9669079283204542,0.3000000000000007,0.09918251037597692,-0.6669079283204535,0.7660904386964305,0.09918251037597692,0.6669079283204535,0.7660904386964305
2BCA,A,LYS,1,10.82152271270752,10.648771000059503,10.59,10.4,0.4215227127075192,0.24877100005950226,0.1899999999999995,0.4215227127075192,0.24877100005950226,0.1899999999999995,0.23152271270751967,0.058771000059502754,0.17275171264801692,0.23152271270751967,0.058771000059502754,0.17275171264801692
1LSE,A,LYS,116,10.524091720581056,10.41581727386924,10.4,10.4,0.12409172058105432,0.01581727386924037,0.0,0.12409172058105432,0.01581727386924037,0.0,0.12409172058105611,0.015817273869240367,0.10827444671181574,0.12409172058105611,0.015817273869240367,0.10827444671181574
1BPI,A,LYS,26,10.762484550476074,10.562512896198989,10.6,10.4,0.36248455047607386,0.16251289619898834,0.1999999999999993,0.36248455047607386,0.16251289619898834,0.1999999999999993,0.16248455047607457,-0.037487103801010946,0.19997165427708552,0.16248455047607457,0.037487103801010946,0.19997165427708552
